condition,lesion,seed,steps,total_eats,eat_rate_pct,total_danger,danger_rate_pct,deaths,total_shelter,total_sleep_steps,awakenings,final_mirror,final_awareness_idx,final_continuity,final_presence,final_collapse_index,final_closure_depth,ms_per_step,elapsed_s
FULL,FULL,3,5000,226,4.52,40,0.8,0,28,1208,22,0.585715651920816,0.7142857142857143,0.999455451965332,0.9641672870958571,0.8894487158219921,3,7.731406211853027,38.65703105926514
FULL,FULL,12,5000,220,4.3999999999999995,35,0.7000000000000001,0,21,1208,21,0.5351970331299053,0.75,0.999917596578598,0.9640807763154253,0.8888424927532085,2,7.726837825775147,38.63418912887573
FULL,FULL,9,5000,231,4.62,43,0.86,0,19,1208,24,0.5637876486014751,0.7894736842105263,0.9994251728057861,0.9727522656552673,0.8954205690617132,3,7.766339492797852,38.83169746398926
FULL,FULL,2,5000,236,4.72,43,0.86,0,55,1208,25,0.6051320829382715,0.16666666666666666,0.9999250173568726,0.9634852160701988,0.9002830016919273,3,7.805219268798828,39.02609634399414
FULL,FULL,11,5000,234,4.68,39,0.7799999999999999,0,21,1208,20,0.5817792787619924,0.21428571428571427,0.9989771842956543,0.9360527204914117,0.8921062689559549,3,7.8015330791473385,39.007665395736694
FULL,FULL,8,5000,239,4.78,38,0.76,0,43,1208,35,0.5821876140772052,0.9230769230769231,0.9982655048370361,0.9629993107149559,0.8967025920448394,2,7.815322685241699,39.076613426208496
FULL,FULL,4,5000,224,4.4799999999999995,30,0.6,0,26,1208,30,0.566150991679257,0.76,0.9996099770069122,0.9636065743552945,0.8901020377799289,1,7.823415327072143,39.11707663536072
FULL,FULL,6,5000,233,4.66,36,0.72,0,9,1208,30,0.5917971530687345,0.78125,0.999785453081131,0.9643994875855276,0.8800496848695006,2,7.831629467010498,39.15814733505249
FULL,FULL,1,5000,238,4.760000000000001,31,0.62,0,6,1208,19,0.5342610556777974,0.896551724137931,0.9994132220745087,0.9635740044261026,0.895615648689795,2,7.88693528175354,39.4346764087677
FULL,FULL,7,5000,255,5.1,26,0.52,0,40,1208,23,0.5428644306771394,0.71875,0.9999392926692963,0.9633027113855674,0.8955563046388485,3,7.944567728042602,39.72283864021301
FULL,FULL,5,5000,254,5.08,53,1.06,0,19,1208,16,0.5586354975729833,0.8620689655172413,0.9999103546142578,0.9631324387422361,0.8931180218592096,2,7.977257204055786,39.88628602027893
FULL,FULL,10,5000,263,5.26,33,0.66,0,18,1208,20,0.5903527216873897,0.625,0.9989230036735535,0.9621930568774053,0.8964001577340117,2,7.982304239273072,39.911521196365356
FULL,FULL,13,5000,217,4.34,54,1.08,0,14,1208,30,0.5710154758080883,0.6363636363636364,0.9995965361595154,0.96627668422995,0.8920424041961087,2,7.319563198089599,36.597815990448
FULL,FULL,14,5000,234,4.68,17,0.33999999999999997,0,42,1208,25,0.5967008927452805,0.9375,0.9999845325946808,0.9692591204922351,0.89842100127079,1,7.435427570343018,37.17713785171509
FULL,FULL,16,5000,219,4.38,37,0.74,0,12,1208,19,0.5723051086658854,1.0,0.9999350309371948,0.9658050287391591,0.9065102602227275,3,7.415085363388061,37.07542681694031
FULL,FULL,18,5000,218,4.36,50,1.0,0,25,1208,8,0.6112164340146591,0.8421052631578947,0.999620258808136,0.9669676159475291,0.9082708341573311,3,7.40924105644226,37.046205282211304
FULL,FULL,17,5000,228,4.5600000000000005,52,1.04,0,12,1208,21,0.5867412078751607,0.5,0.9996748864650726,0.9665526917328324,0.8661333040513396,2,7.471739912033081,37.358699560165405
FULL,FULL,19,5000,230,4.6,36,0.72,0,16,1208,10,0.5518632833921433,0.7678571428571429,0.9995753169059753,0.9631277999137768,0.9059121913273892,3,7.519078588485717,37.59539294242859
FULL,FULL,21,5000,228,4.5600000000000005,29,0.58,0,12,1208,17,0.5716312955878412,0.8076923076923077,0.9999056160449982,0.9630886741268704,0.8981213906095479,3,7.492229461669922,37.46114730834961
FULL,FULL,15,5000,250,5.0,28,0.5599999999999999,0,8,1208,20,0.5841458958483721,0.96,0.9999257326126099,0.9706188524533901,0.8993370407154191,3,7.631246709823609,38.15623354911804
FULL,FULL,22,5000,231,4.62,50,1.0,0,45,1208,23,0.5885561166268665,0.8,0.9990156888961792,0.9678235817714418,0.9019062095355205,2,7.473385286331177,37.366926431655884
FULL,FULL,20,5000,246,4.92,47,0.9400000000000001,0,33,1208,14,0.6091545989944456,0.6363636363636364,0.9996480941772461,0.9627613687748807,0.9013598319687919,2,7.590972852706909,37.954864263534546
FULL,FULL,24,5000,231,4.62,37,0.74,0,17,1208,22,0.6130617125813889,0.7692307692307693,0.9997445344924927,0.973292009666274,0.8785527244293253,2,7.470613098144531,37.353065490722656
FULL,FULL,23,5000,230,4.6,42,0.84,0,23,1208,27,0.5957285348807463,0.8095238095238095,0.9992096126079559,0.9625429301784679,0.8834532472591801,3,7.525822448730469,37.629112243652344
FULL,FULL,25,5000,238,4.760000000000001,44,0.88,0,9,1208,20,0.57116188071185,0.9117647058823529,0.999782383441925,0.9652617552700885,0.8725359202840584,2,7.437931966781616,37.18965983390808
FULL,FULL,27,5000,217,4.34,44,0.88,0,43,1208,18,0.542829048383427,0.8285714285714286,0.9996218085289001,0.9679732731331951,0.8897274474628758,2,7.292370080947876,36.46185040473938
FULL,FULL,26,5000,233,4.66,47,0.9400000000000001,0,52,1208,24,0.5663795961215246,0.8214285714285714,0.9985323250293732,0.965612908526077,0.8972744191170593,3,7.348007917404175,36.740039587020874
FULL,FULL,30,5000,213,4.26,34,0.6799999999999999,0,18,1208,28,0.5767979741117779,0.8974358974358975,0.9982922077178955,0.9683456608308257,0.8908129816681294,2,7.332008171081543,36.660040855407715
FULL,FULL,29,5000,240,4.8,46,0.9199999999999999,0,27,1208,24,0.5523885398375846,0.6666666666666666,0.9996800124645233,0.9665143173987387,0.8995177890462982,3,7.426608610153198,37.13304305076599
FULL,FULL,28,5000,242,4.84,37,0.74,0,28,1208,28,0.5975674632885599,0.9555555555555556,0.9986969828605652,0.9657955831922269,0.8819934645342211,2,7.492708015441894,37.46354007720947
no-spatial-map,spatial_map,1,5000,302,6.04,75,1.5,0,17,1208,20,0.5420595596250477,0.6,0.9998267889022827,0.9639630406061368,0.9096012360999727,3,7.828450441360474,39.14225220680237
no-spatial-map,spatial_map,4,5000,287,5.74,98,1.96,0,21,1208,25,0.5604566539998557,0.9333333333333333,0.9997328221797943,0.9629600547272812,0.8953516766594727,1,7.827333116531372,39.13666558265686
no-spatial-map,spatial_map,3,5000,319,6.38,103,2.06,0,22,1208,27,0.5549666453671622,0.7407407407407407,0.9996808171272278,0.9618481975396734,0.8907427386933031,3,7.849606513977051,39.248032569885254
no-spatial-map,spatial_map,2,5000,322,6.4399999999999995,39,0.7799999999999999,0,44,1208,15,0.5523221760353878,0.8,0.9998598098754883,0.967225899849235,0.9003801167649044,2,7.914499759674072,39.57249879837036
no-spatial-map,spatial_map,5,5000,318,6.36,76,1.52,0,9,1208,25,0.5764524531908779,0.88,0.9997674226760864,0.9663630672003023,0.8986624246891275,3,7.966191673278809,39.83095836639404
no-spatial-map,spatial_map,6,5000,361,7.22,84,1.68,0,24,1208,22,0.5837831602811138,0.9111111111111111,0.9997966885566711,0.9620117427033658,0.9125084478272241,3,8.279783725738525,41.39891862869263
no-spatial-map,spatial_map,8,5000,295,5.8999999999999995,74,1.48,0,12,1208,23,0.578209313772444,0.9411764705882353,0.9990822076797485,0.9635814567508626,0.8979922694221325,1,7.806731224060059,39.03365612030029
no-spatial-map,spatial_map,7,5000,330,6.6000000000000005,47,0.9400000000000001,0,16,1208,21,0.567560243019457,0.8181818181818182,0.9995620250701904,0.9675977839182116,0.8816815582006687,3,7.998549270629883,39.992746353149414
no-spatial-map,spatial_map,9,5000,327,6.54,60,1.2,0,38,1208,20,0.5891467211846757,0.8518518518518519,0.999437004327774,0.9479996700689742,0.9024205943916042,3,7.984986305236816,39.92493152618408
no-spatial-map,spatial_map,11,5000,309,6.18,48,0.96,0,35,1208,12,0.5365568555710417,0.9473684210526315,0.9998058378696442,0.9546506473012142,0.9001785212740427,3,7.84560604095459,39.22803020477295
no-spatial-map,spatial_map,10,5000,338,6.76,74,1.48,0,27,1208,20,0.5656368217028558,0.75,0.9988129734992981,0.9627529110713839,0.90325333367292,2,8.112432765960694,40.56216382980347
no-spatial-map,spatial_map,12,5000,323,6.460000000000001,68,1.3599999999999999,0,10,1208,24,0.6044802480871956,0.8095238095238095,0.9997982084751129,0.9630171740526202,0.9008594332465176,3,8.076584672927856,40.38292336463928
no-spatial-map,spatial_map,13,5000,287,5.74,87,1.7399999999999998,0,27,1208,24,0.5873548243805967,0.7777777777777778,0.9994629323482513,0.9629170640488851,0.8964716567018401,3,7.676487779617309,38.38243889808655
no-spatial-map,spatial_map,15,5000,270,5.4,86,1.72,0,9,1208,20,0.5731693357059142,0.8571428571428571,0.9995442032814026,0.9708595143382747,0.8797706994602719,2,7.696797227859497,38.483986139297485
no-spatial-map,spatial_map,14,5000,310,6.2,79,1.58,0,34,1208,24,0.5803919004582836,0.8695652173913043,0.9998461604118347,0.9670072012225219,0.8974069377826184,3,7.817198133468628,39.08599066734314
no-spatial-map,spatial_map,16,5000,297,5.94,78,1.5599999999999998,0,15,1208,19,0.5702335767048627,0.972972972972973,0.9998392462730408,0.9672212683284481,0.9068934411040852,3,7.783413934707641,38.91706967353821
no-spatial-map,spatial_map,17,5000,304,6.08,101,2.02,0,11,1208,19,0.5734898312998824,0.9166666666666666,0.999729186296463,0.9617684439897974,0.8880693346786215,3,7.8098146438598635,39.049073219299316
no-spatial-map,spatial_map,18,5000,301,6.02,83,1.66,0,5,1208,14,0.6101569515929192,0.9666666666666667,0.998036801815033,0.9706262270122314,0.9133044575886813,2,7.910993766784668,39.55496883392334
no-spatial-map,spatial_map,19,5000,304,6.08,66,1.32,0,13,1208,16,0.5950383642526553,0.9777777777777777,0.9994267523288727,0.9620097294648479,0.9047345859684837,3,7.939726972579956,39.69863486289978
no-spatial-map,spatial_map,20,5000,278,5.56,85,1.7000000000000002,0,31,1208,19,0.6133166386499891,0.8055555555555556,0.9999362826347351,0.9637470096506462,0.8949702564802999,1,7.766980123519898,38.83490061759949
no-spatial-map,spatial_map,21,5000,314,6.279999999999999,62,1.24,0,22,1208,23,0.5806830262354579,0.5882352941176471,0.9996797442436218,0.9640215995707557,0.8896148637792406,3,7.932807779312133,39.66403889656067
no-spatial-map,spatial_map,22,5000,321,6.419999999999999,68,1.3599999999999999,0,44,1208,18,0.591632636208498,0.7333333333333333,0.9997379779815674,0.9729353007565891,0.9096232110501749,3,7.944828987121582,39.72414493560791
no-spatial-map,spatial_map,26,5000,299,5.9799999999999995,39,0.7799999999999999,0,26,1208,20,0.5621326364353393,0.0,0.999660313129425,0.9677430599280176,0.899784924645073,2,7.753086280822754,38.76543140411377
no-spatial-map,spatial_map,25,5000,301,6.02,71,1.4200000000000002,0,21,1208,25,0.5715014637776253,0.9333333333333333,0.9980367422103882,0.9629368560540444,0.8992889970343358,1,7.853667688369751,39.268338441848755
no-spatial-map,spatial_map,23,5000,313,6.260000000000001,54,1.08,0,3,1208,25,0.6082115070627938,0.5909090909090909,0.9994159042835236,0.9658961789556775,0.9086704743381567,1,7.982503986358642,39.91251993179321
no-spatial-map,spatial_map,27,5000,303,6.0600000000000005,68,1.3599999999999999,0,20,1208,5,0.5481440938605573,1.0,0.9999697506427765,0.9638084088915067,0.9035358214424023,3,7.858741903305054,39.29370951652527
no-spatial-map,spatial_map,24,5000,332,6.64,57,1.1400000000000001,0,11,1208,13,0.6188622374707551,0.8529411764705882,0.9995411932468414,0.9667190488998008,0.9004267993686228,3,8.19827060699463,40.991353034973145
no-spatial-map,spatial_map,28,5000,309,6.18,53,1.06,0,31,1208,16,0.5637420524326091,1.0,0.9997534453868866,0.9679225573175669,0.8972877014836421,3,7.93040132522583,39.65200662612915
no-spatial-map,spatial_map,29,5000,311,6.22,51,1.02,0,30,1208,20,0.5620408344380368,0.8695652173913043,0.9988062679767609,0.9642995235246773,0.9018966239188525,1,7.935839653015137,39.679198265075684
no-spatial-map,spatial_map,30,5000,330,6.6000000000000005,70,1.4000000000000001,0,66,1208,21,0.6067184738132831,1.0,0.9998970031738281,0.9708477887557083,0.9116347742022017,3,7.9816155433654785,39.90807771682739
no-behavioral-modes,behavioral_modes,1,5000,199,3.9800000000000004,38,0.76,0,20,1208,11,0.5935507248442897,0.43478260869565216,0.9995923340320587,0.9655413948467574,0.9020998349619005,1,7.098348808288574,35.49174404144287
no-behavioral-modes,behavioral_modes,2,5000,212,4.24,37,0.74,0,35,1208,16,0.5660137876655583,0.6551724137931034,0.9995218217372894,0.962728291060162,0.9085686186825837,2,7.1981165409088135,35.99058270454407
no-behavioral-modes,behavioral_modes,4,5000,193,3.8600000000000003,36,0.72,0,19,1208,25,0.5748738295522231,0.0,0.9997755587100983,0.9777585353878206,0.9086919304983849,3,7.021866798400879,35.109333992004395
no-behavioral-modes,behavioral_modes,3,5000,217,4.34,39,0.7799999999999999,0,18,1208,18,0.5723746043529083,0.3333333333333333,0.9999549984931946,0.967199857236483,0.8744821639831966,3,7.203518533706665,36.017592668533325
no-behavioral-modes,behavioral_modes,8,5000,171,3.42,48,0.96,0,24,1208,19,0.4708865957094419,0.9444444444444444,0.9993098676204681,0.999999996404556,0.5609890494417913,3,6.944115018844604,34.72057509422302
no-behavioral-modes,behavioral_modes,5,5000,207,4.14,42,0.84,0,39,1208,25,0.5892851355811539,1.0,0.9999717473983765,0.9622283863781562,0.8812199401075705,3,7.176839113235474,35.88419556617737
no-behavioral-modes,behavioral_modes,6,5000,208,4.16,40,0.8,0,38,1208,14,0.5680674582547713,0.8409090909090909,0.9979625642299652,0.9640415494391075,0.9020235083362995,1,7.172311544418335,35.861557722091675
no-behavioral-modes,behavioral_modes,7,5000,206,4.12,36,0.72,0,34,1208,14,0.5746863043096673,0.5581395348837209,0.9985977113246918,0.961262173491003,0.898677191629041,3,7.15922179222107,35.79610896110535
no-behavioral-modes,behavioral_modes,9,5000,195,3.9,34,0.6799999999999999,0,26,1208,20,0.6115262155940109,0.5925925925925926,0.9995591044425964,0.9623952091323185,0.9074889409482441,3,7.110783052444458,35.55391526222229
no-behavioral-modes,behavioral_modes,10,5000,210,4.2,37,0.74,0,28,1208,13,0.584771753315791,0.43478260869565216,0.9988721609115601,0.9660613595201919,0.9071354257387314,2,7.194567584991455,35.972837924957275
no-behavioral-modes,behavioral_modes,11,5000,203,4.06,40,0.8,0,29,1208,18,0.5449053287420228,0.55,0.9986201822757721,0.9651197409736796,0.869625379256561,3,7.161839723587036,35.80919861793518
no-behavioral-modes,behavioral_modes,12,5000,206,4.12,38,0.76,0,17,1208,22,0.5734278439247906,0.52,0.9999383687973022,0.97039492322641,0.8880822225799424,3,7.237233972549438,36.18616986274719
no-behavioral-modes,behavioral_modes,13,5000,190,3.8,51,1.02,0,22,1208,23,0.581728255763645,0.7931034482758621,0.9999215006828308,0.971648597487478,0.9149998569577176,1,7.300278520584106,36.50139260292053
no-behavioral-modes,behavioral_modes,14,5000,198,3.9600000000000004,31,0.62,0,26,1208,26,0.5610227410569721,0.7169811320754716,0.9997513890266418,0.9656103946532957,0.918338362290442,3,7.361525583267212,36.80762791633606
no-behavioral-modes,behavioral_modes,16,5000,207,4.14,45,0.8999999999999999,0,23,1208,19,0.5721844532675312,0.64,0.9998181462287903,0.9685020230638357,0.8915661741423128,3,7.421537780761719,37.107688903808594
no-behavioral-modes,behavioral_modes,15,5000,232,4.64,37,0.74,0,12,1208,16,0.5585305091333336,0.7083333333333334,0.9995482563972473,0.9717222896898439,0.8992676889087582,1,7.607452630996704,38.03726315498352
no-behavioral-modes,behavioral_modes,18,5000,194,3.88,45,0.8999999999999999,0,23,1208,20,0.6076919087794164,0.5277777777777778,0.9983077943325043,0.9638839433866905,0.8985436662060329,2,7.375300931930542,36.87650465965271
no-behavioral-modes,behavioral_modes,19,5000,209,4.18,45,0.8999999999999999,0,20,1208,15,0.6087793357823129,0.6842105263157895,0.9993745982646942,0.9673452642109707,0.9061925889209251,3,7.537039804458618,37.68519902229309
no-behavioral-modes,behavioral_modes,17,5000,239,4.78,45,0.8999999999999999,0,30,1208,9,0.5766159125268182,0.3333333333333333,0.9989531338214874,0.9620956699237699,0.8974637373135949,3,7.662453126907349,38.31226563453674
no-behavioral-modes,behavioral_modes,21,5000,219,4.38,43,0.86,0,11,1208,15,0.5517943146982001,0.96875,0.9964579641819,0.9639361657523938,0.878353281355892,2,7.553027963638305,37.76513981819153
no-behavioral-modes,behavioral_modes,22,5000,212,4.24,38,0.76,0,46,1208,19,0.5833543533838721,0.75,0.9988092184066772,0.9743998405855594,0.9100851270894204,2,7.462111330032348,37.31055665016174
no-behavioral-modes,behavioral_modes,20,5000,249,4.9799999999999995,35,0.7000000000000001,0,29,1208,10,0.6134792495031276,0.64,0.9996181428432465,0.9726852988594521,0.9101368786441284,3,7.765859746932984,38.82929873466492
no-behavioral-modes,behavioral_modes,23,5000,208,4.16,33,0.66,0,14,1208,18,0.5870208303217297,0.5909090909090909,0.9994414448738098,0.9664521354648282,0.901875339782681,3,7.48645806312561,37.43229031562805
no-behavioral-modes,behavioral_modes,24,5000,221,4.42,38,0.76,0,25,1208,26,0.5792043523252425,0.6666666666666666,0.9995721578598022,0.9648016006500945,0.9052783055108697,3,7.616643857955933,38.08321928977966
no-behavioral-modes,behavioral_modes,25,5000,232,4.64,55,1.0999999999999999,0,17,1208,14,0.5735938211871926,0.5,0.9999406635761261,0.9667433171821753,0.9074065865722795,2,6.993558502197265,34.96779251098633
no-behavioral-modes,behavioral_modes,26,5000,216,4.32,35,0.7000000000000001,0,20,1208,20,0.6214395311607407,0.78125,0.9986208379268646,0.969569960809608,0.9241972574412536,3,6.85277738571167,34.26388692855835
no-behavioral-modes,behavioral_modes,27,5000,194,3.88,36,0.72,0,47,1208,12,0.5127277792180645,0.4117647058823529,0.9979255199432373,0.9717466995665001,0.8765571530129616,3,6.866471910476685,34.33235955238342
no-behavioral-modes,behavioral_modes,28,5000,211,4.22,38,0.76,0,34,1208,21,0.5673819781278896,0.5483870967741935,0.9974062442779541,0.9631814939018585,0.9091555877379358,2,6.856160974502563,34.28080487251282
no-behavioral-modes,behavioral_modes,29,5000,201,4.02,32,0.64,0,54,1208,16,0.5670436676917566,0.7391304347826086,0.999737560749054,0.9649765733400185,0.9040207932430938,3,6.798445224761963,33.992226123809814
no-behavioral-modes,behavioral_modes,30,5000,224,4.4799999999999995,44,0.88,0,32,1208,17,0.5544972300487143,0.8,0.9992296099662781,0.969825435342108,0.9185341248255361,2,6.923108291625977,34.61554145812988
no-sleep,sleep,2,5000,223,4.46,43,0.86,0,36,0,20,0.5250831228999135,0.9285714285714286,0.9999530911445618,0.9619139472704296,0.9383910153820525,1,6.808521032333374,34.04260516166687
no-sleep,sleep,3,5000,220,4.3999999999999995,39,0.7799999999999999,0,18,0,30,0.5979157838364242,0.825,0.9999350309371948,0.9635468825078054,0.928648477295656,2,6.796879720687866,33.98439860343933
no-sleep,sleep,1,5000,232,4.64,42,0.84,0,14,0,22,0.4932862166762243,0.9117647058823529,0.9999075531959534,0.9632534626914422,0.9320768538325013,1,6.974132394790649,34.87066197395325
no-sleep,sleep,4,5000,222,4.44,40,0.8,0,16,0,29,0.5885516172395954,0.9487179487179487,0.9997625648975372,0.967990543894726,0.9220149222412992,3,6.838417482376099,34.19208741188049
no-sleep,sleep,5,5000,242,4.84,50,1.0,0,25,0,23,0.5331670429516631,0.6428571428571429,0.999668151140213,0.9634402034580574,0.9074551257697784,2,6.983011627197266,34.91505813598633
no-sleep,sleep,6,5000,245,4.9,34,0.6799999999999999,0,45,0,24,0.517545919359986,0.9130434782608695,0.9993724226951599,0.9645094627319605,0.939808575094342,2,6.948654651641846,34.74327325820923
no-sleep,sleep,7,5000,233,4.66,35,0.7000000000000001,0,39,0,20,0.5142265890996717,0.9215686274509803,0.9996538162231445,0.9656856430037993,0.8936964253032736,3,6.630622386932373,33.153111934661865
no-sleep,sleep,8,5000,240,4.8,40,0.8,0,51,0,24,0.5959059924254189,0.9130434782608695,0.9992413818836212,0.9674545925124137,0.9332333300566391,3,6.682213163375854,33.41106581687927
no-sleep,sleep,9,5000,224,4.4799999999999995,33,0.66,0,37,0,19,0.5240352109688061,0.9459459459459459,0.9995107054710388,0.9738800615089016,0.9380223676305817,3,6.639614534378052,33.19807267189026
no-sleep,sleep,10,5000,244,4.88,20,0.4,0,45,0,26,0.588856144038997,0.6666666666666666,0.9996556341648102,0.9630065135465293,0.9361630905529065,2,6.748940706253052,33.74470353126526
no-sleep,sleep,11,5000,231,4.62,35,0.7000000000000001,0,27,0,30,0.5619423185180377,0.7333333333333333,0.9999278783798218,0.9681842096249453,0.9124154227248953,3,6.668161058425904,33.34080529212952
no-sleep,sleep,14,5000,209,4.18,29,0.58,0,22,0,30,0.5683978989299053,0.782608695652174,0.9987629055976868,0.9682893621241769,0.9184141724931938,2,6.562644290924072,32.81322145462036
no-sleep,sleep,12,5000,229,4.58,37,0.74,0,27,0,28,0.5618495811647068,0.953125,0.99864661693573,0.9689610330528965,0.8915051903107133,2,6.700032711029053,33.500163555145264
no-sleep,sleep,13,5000,237,4.74,66,1.32,0,13,0,14,0.5380996395953492,1.0,0.9995767176151276,0.9665060005468807,0.9481169831104714,3,6.72069673538208,33.6034836769104
no-sleep,sleep,16,5000,232,4.64,41,0.8200000000000001,0,20,0,14,0.5780333481371942,0.8846153846153846,0.99974524974823,0.9641792081557053,0.9334747473441329,2,6.736105060577392,33.68052530288696
no-sleep,sleep,15,5000,267,5.34,29,0.58,0,11,0,25,0.5700339308134069,0.8636363636363636,0.9996992647647858,0.9633153493450153,0.92366561331762,2,6.946346759796143,34.73173379898071
no-sleep,sleep,17,5000,242,4.84,47,0.9400000000000001,0,31,0,18,0.5803896402417476,0.8983050847457628,0.9991725385189056,0.9651260832491044,0.9157515939450307,2,6.784078550338745,33.920392751693726
no-sleep,sleep,18,5000,184,3.6799999999999997,48,0.96,1,416,0,29,0.5642388842968166,0.9666666666666667,0.9994449615478516,0.9693013861442978,0.914558398586415,3,6.496001291275024,32.48000645637512
no-sleep,sleep,19,5000,204,4.08,35,0.7000000000000001,0,11,0,16,0.6036930086140223,0.918918918918919,0.9989598095417023,0.9676187021987884,0.9350871263539431,3,6.222499227523803,31.11249613761902
no-sleep,sleep,20,5000,232,4.64,52,1.04,0,32,0,19,0.6069152916960038,0.7368421052631579,0.999203622341156,0.9674120814720334,0.9290598174628342,2,6.475129795074463,32.375648975372314
no-sleep,sleep,21,5000,242,4.84,45,0.8999999999999999,0,25,0,25,0.5386936878529112,0.7777777777777778,0.9992545247077942,0.9693637129450123,0.927948083850993,3,6.476457834243774,32.38228917121887
no-sleep,sleep,22,5000,240,4.8,28,0.5599999999999999,0,29,0,22,0.5691662794163468,0.8,0.9994445145130157,0.9630296322146075,0.9321235702500685,2,6.453990507125854,32.26995253562927
no-sleep,sleep,23,5000,250,5.0,30,0.6,0,3,0,28,0.6150811735766281,0.6666666666666666,0.9999820291996002,0.9651849257881343,0.9284779914547183,3,6.495483493804931,32.47741746902466
no-sleep,sleep,27,5000,200,4.0,47,0.9400000000000001,0,11,0,22,0.5350438614040628,0.8679245283018868,0.9983740448951721,0.9614168854673418,0.909597698668811,3,6.273111486434937,31.365557432174683
no-sleep,sleep,24,5000,249,4.9799999999999995,33,0.66,0,28,0,31,0.607806191159884,0.96875,0.9999304711818695,0.9632890989026421,0.9101545187683192,2,6.502471303939819,32.5123565196991
no-sleep,sleep,26,5000,233,4.66,41,0.8200000000000001,0,22,0,28,0.6115012544565332,0.78125,0.9987980127334595,0.9748805390355332,0.9346231041940751,2,6.374191999435425,31.870959997177124
no-sleep,sleep,25,5000,256,5.12,43,0.86,0,6,0,20,0.5565991487511414,0.8378378378378378,0.9997070729732513,0.9635996950764901,0.9202284048508815,2,6.549516773223877,32.747583866119385
no-sleep,sleep,29,5000,228,4.5600000000000005,26,0.52,0,35,0,26,0.5275365813772729,0.9545454545454546,0.9989022016525269,0.9643399943438179,0.9367324095891303,3,6.334219646453858,31.671098232269287
no-sleep,sleep,28,5000,259,5.18,20,0.4,0,14,0,29,0.5600080117193929,0.8823529411764706,0.99972003698349,0.9620738807736287,0.92379894896754,3,6.5973176002502445,32.98658800125122
no-sleep,sleep,30,5000,244,4.88,33,0.66,0,35,0,29,0.551284035164496,0.8571428571428571,0.9990186989307404,0.9651782537671222,0.9177201038491796,2,6.480586099624634,32.40293049812317
no-insect-brain,insect_brain,1,5000,261,5.220000000000001,47,0.9400000000000001,0,18,1208,22,0.557654683078199,0.6842105263157895,0.998987227678299,0.9667821900687215,0.9039028593743814,2,4.516094064712524,22.580470323562622
no-insect-brain,insect_brain,2,5000,242,4.84,41,0.8200000000000001,0,21,1208,12,0.5531317929872143,0.9,0.9995779395103455,0.9701166952152326,0.9015172175082584,2,4.545122528076172,22.72561264038086
no-insect-brain,insect_brain,3,5000,239,4.78,37,0.74,0,12,1208,20,0.584773375385744,0.8541666666666666,0.9996045231819153,0.9633969116373126,0.8877240443508694,2,4.4714117527008055,22.35705876350403
no-insect-brain,insect_brain,4,5000,246,4.92,28,0.5599999999999999,0,30,1208,24,0.599749811007966,0.8846153846153846,0.999935120344162,0.9682542282070778,0.8855800024797441,1,4.466418313980102,22.332091569900513
no-insect-brain,insect_brain,5,5000,243,4.859999999999999,49,0.98,0,13,1208,22,0.5643470273740618,0.8461538461538461,0.9996249973773956,0.9652866329151438,0.881426175779283,3,4.488276863098145,22.441384315490723
no-insect-brain,insect_brain,6,5000,257,5.140000000000001,40,0.8,0,46,1208,17,0.5808521221571868,0.8636363636363636,0.9992404878139496,0.9660966454090794,0.9037813121096643,2,4.408466625213623,22.042333126068115
no-insect-brain,insect_brain,7,5000,228,4.5600000000000005,56,1.1199999999999999,0,18,1208,20,0.5811677740159544,0.5555555555555556,0.999951183795929,0.9717497826656136,0.8699943491958906,3,4.442290258407593,22.211451292037964
no-insect-brain,insect_brain,8,5000,225,4.5,51,1.02,0,38,1208,19,0.5392281976277961,0.9230769230769231,0.998436838388443,0.9654716385018046,0.8890812994354386,1,4.460158157348633,22.300790786743164
no-insect-brain,insect_brain,9,5000,236,4.72,27,0.54,0,11,1208,26,0.6140516635132549,0.9555555555555556,0.9997292160987854,0.9634908121253719,0.9085302850267027,3,4.455484342575073,22.277421712875366
no-insect-brain,insect_brain,10,5000,291,5.82,34,0.6799999999999999,0,46,1208,22,0.6101065474281587,0.8181818181818182,0.9995939433574677,0.9660222940680224,0.89974119089924,2,4.433752489089966,22.16876244544983
no-insect-brain,insect_brain,11,5000,244,4.88,31,0.62,0,26,1208,18,0.5260279556466338,0.75,0.9995891153812408,0.956962814543999,0.8925797025521448,3,4.456183290481567,22.280916452407837
no-insect-brain,insect_brain,12,5000,228,4.5600000000000005,26,0.52,0,25,1208,26,0.5790610207448029,0.8928571428571429,0.9983433783054352,0.9648480455205598,0.8922604512308054,1,4.429287004470825,22.146435022354126
no-insect-brain,insect_brain,13,5000,246,4.92,37,0.74,0,28,1208,15,0.6253246487866191,0.6666666666666666,0.999201089143753,0.9635924613634538,0.9120110822193062,3,4.330697774887085,21.653488874435425
no-insect-brain,insect_brain,14,5000,227,4.54,30,0.6,0,23,1208,13,0.5137616919093659,0.9230769230769231,0.9995443522930145,0.9703315534195533,0.8915811678301684,3,4.325522518157959,21.627612590789795
no-insect-brain,insect_brain,15,5000,264,5.28,27,0.54,0,9,1208,23,0.6112871102481126,0.9166666666666666,0.9989811480045319,0.9660526357108227,0.8998986742020845,3,4.374953651428223,21.874768257141113
no-insect-brain,insect_brain,16,5000,256,5.12,61,1.22,0,28,1208,23,0.5928120786527108,0.9230769230769231,0.9992124736309052,0.9722646231719415,0.9010488300397879,2,4.244751882553101,21.223759412765503
no-insect-brain,insect_brain,17,5000,241,4.82,50,1.0,0,26,1208,16,0.5972153609461577,0.76,0.9992777109146118,0.9638466312525837,0.9107285443873213,2,4.343705463409424,21.71852731704712
no-insect-brain,insect_brain,18,5000,222,4.44,34,0.6799999999999999,0,10,1208,24,0.6064129777884809,0.9285714285714286,0.9999327957630157,0.9649047130340926,0.900813951932656,3,4.368071508407593,21.840357542037964
no-insect-brain,insect_brain,19,5000,230,4.6,38,0.76,0,22,1208,22,0.5583731990676348,0.0,0.9999766647815704,0.9686687309372319,0.897393555548327,3,4.373508024215698,21.86754012107849
no-insect-brain,insect_brain,20,5000,246,4.92,35,0.7000000000000001,0,25,1208,21,0.6024370393141911,0.86,0.9995538890361786,0.9620631272883808,0.9110333047792422,3,4.368099021911621,21.840495109558105
no-insect-brain,insect_brain,21,5000,228,4.5600000000000005,31,0.62,0,12,1208,13,0.5652534514683306,0.88,0.9984929859638214,0.9659368775763679,0.9168964553944998,2,4.3960367202758786,21.980183601379395
no-insect-brain,insect_brain,22,5000,269,5.38,28,0.5599999999999999,0,25,1208,24,0.5981646021020639,0.8571428571428571,0.9988943934440613,0.9624134225300458,0.8958043431727469,2,4.385056781768799,21.925283908843994
no-insect-brain,insect_brain,23,5000,204,4.08,37,0.74,0,7,1208,24,0.5844293221311017,0.8157894736842105,0.9991323947906494,0.9654600542235683,0.8969512075843936,2,4.429419755935669,22.147098779678345
no-insect-brain,insect_brain,24,5000,267,5.34,35,0.7000000000000001,0,26,1208,25,0.5659130973299058,0.8780487804878049,0.999805212020874,0.9635858575740393,0.889538978614171,3,4.394832134246826,21.97416067123413
no-insect-brain,insect_brain,25,5000,225,4.5,39,0.7799999999999999,0,16,1208,11,0.5400464321690853,0.8888888888888888,0.9997437596321106,0.9658268861405284,0.8940366480648443,2,4.283328342437744,21.41664171218872
no-insect-brain,insect_brain,26,5000,247,4.9399999999999995,50,1.0,0,44,1208,25,0.5934605218780095,0.9473684210526315,0.9996107816696167,0.9664229377670328,0.8787604288940276,2,4.296925020217896,21.484625101089478
no-insect-brain,insect_brain,28,5000,259,5.18,42,0.84,0,13,1208,20,0.5464816182545504,0.4,0.9993152916431427,0.9660019026615805,0.8853324623755233,2,4.246308946609497,21.231544733047485
no-insect-brain,insect_brain,27,5000,201,4.02,28,0.5599999999999999,0,21,1208,16,0.5529950402069136,0.71875,0.9999878704547882,0.9617492562178865,0.8988060836324236,3,4.329263591766358,21.646317958831787
no-insect-brain,insect_brain,29,5000,229,4.58,37,0.74,0,13,1208,16,0.5379560813004259,0.64,0.9991383850574493,0.9681135519177693,0.9016677480760733,3,4.257570886611939,21.287854433059692
no-insect-brain,insect_brain,30,5000,270,5.4,50,1.0,0,42,1208,19,0.5876970406966023,0.9130434782608695,0.9997318387031555,0.9639119233112358,0.9019885408723916,3,4.294507169723511,21.472535848617554
no-adjacent-food,adjacent_food,2,5000,214,4.279999999999999,45,0.8999999999999999,0,12,1208,13,0.5539337394582597,0.7222222222222222,0.9997033178806305,0.9654845072573757,0.8927046430284448,1,6.319115114212036,31.59557557106018
no-adjacent-food,adjacent_food,1,5000,217,4.34,40,0.8,0,19,1208,19,0.5856093988144084,0.9047619047619048,0.99997878074646,0.9634876657212939,0.905836015248743,3,6.398758792877198,31.993793964385986
no-adjacent-food,adjacent_food,3,5000,215,4.3,53,1.06,0,14,1208,20,0.567580415589546,0.7857142857142857,0.9998448491096497,0.9670300148746165,0.8975639709279184,3,6.413071584701538,32.06535792350769
no-adjacent-food,adjacent_food,4,5000,198,3.9600000000000004,37,0.74,0,18,1208,23,0.5823373465160822,0.55,0.9999040067195892,0.9674499858884952,0.9040219437663816,3,6.308264064788818,31.541320323944092
no-adjacent-food,adjacent_food,5,5000,189,3.7800000000000002,46,0.9199999999999999,0,57,1208,16,0.5236943351086294,0.6956521739130435,0.9992456138134003,0.9619607651040282,0.895123661217423,3,6.2602394104003904,31.301197052001953
no-adjacent-food,adjacent_food,6,5000,227,4.54,61,1.22,0,9,1208,25,0.5576365132747716,0.0,0.9996896088123322,0.9788087409100246,0.8909720902671622,2,6.512195014953614,32.560975074768066
no-adjacent-food,adjacent_food,7,5000,222,4.44,30,0.6,0,33,1208,16,0.5480126529399645,0.8571428571428571,0.9999604225158691,0.9695681062716397,0.8716083731609026,3,6.363850116729736,31.81925058364868
no-adjacent-food,adjacent_food,8,5000,203,4.06,61,1.22,0,38,1208,21,0.5676794885722091,0.7931034482758621,0.998493105173111,0.9661532451852134,0.8993761593969616,1,6.204080581665039,31.020402908325195
no-adjacent-food,adjacent_food,9,5000,219,4.38,38,0.76,0,28,1208,18,0.5998018933488471,0.6470588235294118,0.9993455708026886,0.9635648904340998,0.8714252848149925,3,6.319346237182617,31.596731185913086
no-adjacent-food,adjacent_food,10,5000,216,4.32,26,0.52,0,14,1208,21,0.5715156161209684,0.8108108108108109,0.9992637038230896,0.9655210942329557,0.8931656362779518,3,6.3379518508911135,31.689759254455566
no-adjacent-food,adjacent_food,11,5000,220,4.3999999999999995,27,0.54,0,24,1208,22,0.5642774878453609,1.0,0.9992163479328156,0.9700513430215097,0.8907333695441049,3,6.355645227432251,31.778226137161255
no-adjacent-food,adjacent_food,12,5000,212,4.24,35,0.7000000000000001,0,32,1208,15,0.5869158350355259,0.9285714285714286,0.999834418296814,0.9617989311287971,0.8618526202156843,3,6.393500471115113,31.96750235557556
no-adjacent-food,adjacent_food,13,5000,178,3.56,72,1.44,0,11,1208,25,0.6116524362320118,0.9444444444444444,0.9999718368053436,0.9713673589414213,0.8920901427002594,3,6.008913516998291,30.044567584991455
no-adjacent-food,adjacent_food,14,5000,196,3.92,31,0.62,0,36,1208,15,0.5717461851723024,0.9375,0.9992116391658783,0.9674753808962016,0.8950487656805306,1,6.080448865890503,30.402244329452515
no-adjacent-food,adjacent_food,15,5000,208,4.16,23,0.45999999999999996,0,5,1208,21,0.5730233626080101,0.9375,0.9990437030792236,0.964119963513799,0.8892474294729554,3,6.2057812213897705,31.028906106948853
no-adjacent-food,adjacent_food,16,5000,189,3.7800000000000002,49,0.98,0,21,1208,12,0.5603583273943844,0.5,0.9986894726753235,0.9693192651372304,0.8934881214961564,2,6.1305173397064205,30.652586698532104
no-adjacent-food,adjacent_food,17,5000,188,3.7600000000000002,64,1.28,0,9,1208,23,0.5817423801163297,0.7222222222222222,0.9997455775737762,0.9691095461178061,0.8878786689113872,3,6.000290441513061,30.001452207565308
no-adjacent-food,adjacent_food,18,5000,197,3.94,44,0.88,0,10,1208,21,0.6135042753027536,0.8157894736842105,0.9997610151767731,0.9629533296257661,0.9037047119370328,3,6.11663236618042,30.5831618309021
no-adjacent-food,adjacent_food,19,5000,197,3.94,40,0.8,0,14,1208,22,0.584380171863027,1.0,0.9995212554931641,0.9653776520629119,0.877006713483869,3,6.033859920501709,30.169299602508545
no-adjacent-food,adjacent_food,20,5000,230,4.6,42,0.84,0,17,1208,18,0.604181993525498,0.896551724137931,0.9995422065258026,0.9620618246134607,0.9078033783134435,3,6.281837129592896,31.409185647964478
no-adjacent-food,adjacent_food,22,5000,194,3.88,32,0.64,0,19,1208,24,0.589310463781849,0.6153846153846154,0.9998832643032074,0.9736433147513324,0.8903684162952061,1,6.039538145065308,30.197690725326538
no-adjacent-food,adjacent_food,21,5000,215,4.3,55,1.0999999999999999,0,11,1208,18,0.5536865517895643,0.9210526315789473,0.9988152384757996,0.9669997484250062,0.8805311011857028,3,6.205886507034302,31.02943253517151
no-adjacent-food,adjacent_food,23,5000,207,4.14,53,1.06,0,40,1208,30,0.5895389279622971,0.6923076923076923,0.9998321533203125,0.9652499566425712,0.8925489875884827,3,6.091143226623535,30.455716133117676
no-adjacent-food,adjacent_food,24,5000,228,4.5600000000000005,40,0.8,0,57,1208,23,0.583081946595818,0.9245283018867925,0.9997784793376923,0.9610410988466009,0.8097053906224487,3,6.2807845115661625,31.40392255783081
no-adjacent-food,adjacent_food,25,5000,189,3.7800000000000002,42,0.84,0,24,1208,18,0.5682948740182854,0.8947368421052632,0.9987755119800568,0.9648020631482916,0.8809309959897259,1,5.995135927200318,29.975679636001587
no-adjacent-food,adjacent_food,26,5000,221,4.42,36,0.72,0,30,1208,21,0.5091648566105837,1.0,0.9996637105941772,0.9669878459085454,0.8924438604786435,2,6.059380388259887,30.29690194129944
no-adjacent-food,adjacent_food,27,5000,204,4.08,37,0.74,0,43,1208,22,0.5915738266172275,0.6923076923076923,0.9992502629756927,0.9675072133564118,0.8907163688130876,3,6.057247257232666,30.28623628616333
no-adjacent-food,adjacent_food,29,5000,181,3.62,28,0.5599999999999999,0,18,1208,22,0.5247942811106004,0.8125,0.999812513589859,0.9659329237231635,0.8715324198570215,3,5.943239688873291,29.716198444366455
no-adjacent-food,adjacent_food,28,5000,208,4.16,38,0.76,0,20,1208,20,0.5845477432641764,0.95,0.9992282092571259,0.9686538467193193,0.891164823791414,3,6.178783321380616,30.893916606903076
no-adjacent-food,adjacent_food,30,5000,206,4.12,39,0.7799999999999999,0,23,1208,27,0.6004106746560256,0.88,0.9999581277370453,0.9661924145545284,0.8872002388415378,3,6.1212256908416744,30.606128454208374
no-mushroom,mushroom,1,5000,252,5.04,40,0.8,0,20,1208,18,0.5787886350925859,0.6363636363636364,0.9992435276508331,0.9686386055141354,0.8973685896227712,3,6.23019847869873,31.150992393493652
no-mushroom,mushroom,2,5000,244,4.88,36,0.72,0,14,1208,20,0.5424515826448897,0.9666666666666667,0.9992946982383728,0.96457097192262,0.9004044945817881,1,6.267373657226562,31.336868286132812
no-mushroom,mushroom,3,5000,239,4.78,59,1.18,0,43,1208,29,0.551637620608292,0.45454545454545453,0.9987497627735138,0.962495762982456,0.8827543805305068,3,6.180938243865967,30.904691219329834
no-mushroom,mushroom,5,5000,214,4.279999999999999,56,1.1199999999999999,0,48,1208,14,0.5513361770724519,0.7428571428571429,0.9994756579399109,0.9692999731308952,0.8970547148159267,3,6.077856159210205,30.389280796051025
no-mushroom,mushroom,4,5000,228,4.5600000000000005,33,0.66,0,12,1208,23,0.5579564465744915,0.8636363636363636,0.9997057616710663,0.9652752756925437,0.9069218886711254,3,6.233475112915039,31.167375564575195
no-mushroom,mushroom,6,5000,237,4.74,44,0.88,0,19,1208,31,0.5682094913691821,0.8421052631578947,0.999735414981842,0.9663064926867039,0.8891521802790936,3,6.236684417724609,31.183422088623047
no-mushroom,mushroom,7,5000,227,4.54,52,1.04,0,21,1208,30,0.614889983417441,0.75,0.9996472299098969,0.9701237439231998,0.8744554458706159,3,6.195387458801269,30.976937294006348
no-mushroom,mushroom,8,5000,232,4.64,54,1.08,0,21,1208,13,0.5263326493579124,0.6875,0.9998163282871246,0.967547352283365,0.9147692974031325,3,6.1416465759277346,30.708232879638672
no-mushroom,mushroom,9,5000,222,4.44,47,0.9400000000000001,0,25,1208,23,0.5841355042407219,0.7727272727272727,0.9997848868370056,0.9743185762202347,0.8996737685340884,3,6.176735067367554,30.88367533683777
no-mushroom,mushroom,10,5000,249,4.9799999999999995,21,0.42,0,27,1208,23,0.5906689269019565,0.90625,0.9992865920066833,0.9719692870085832,0.9002378584249953,3,6.210380268096924,31.05190134048462
no-mushroom,mushroom,11,5000,276,5.52,35,0.7000000000000001,0,29,1208,13,0.5387305466529376,0.7741935483870968,0.9994038641452789,0.9436704493989359,0.8880468932615172,3,6.33590145111084,31.6795072555542
no-mushroom,mushroom,12,5000,247,4.9399999999999995,39,0.7799999999999999,0,16,1208,21,0.5241784566304173,0.9411764705882353,0.9997179806232452,0.9643002570099333,0.9041736933493054,3,6.348296499252319,31.741482496261597
no-mushroom,mushroom,13,5000,221,4.42,48,0.96,0,25,1208,21,0.5933282098133965,0.875,0.9999728500843048,0.9653182428363222,0.8994026633862662,2,6.106460285186768,30.532301425933838
no-mushroom,mushroom,14,5000,222,4.44,30,0.6,0,15,1208,11,0.5749439251832793,0.47058823529411764,0.9998389780521393,0.9662837680702601,0.9070444608201145,2,6.083805656433105,30.419028282165527
no-mushroom,mushroom,15,5000,208,4.16,40,0.8,0,20,1208,13,0.5680831472810552,0.9629629629629629,0.9987296164035797,0.9627117836285204,0.9008602519463712,2,6.143521785736084,30.71760892868042
no-mushroom,mushroom,17,5000,243,4.859999999999999,41,0.8200000000000001,0,8,1208,23,0.6026121047785349,0.9230769230769231,0.9990997612476349,0.9634337348149795,0.8816673149689026,3,6.193657445907593,30.968287229537964
no-mushroom,mushroom,16,5000,248,4.96,46,0.9199999999999999,0,13,1208,30,0.5933934520086379,0.875,0.9987398386001587,0.9698405828471761,0.9120320170947107,2,6.273309850692749,31.366549253463745
no-mushroom,mushroom,18,5000,238,4.760000000000001,33,0.66,0,38,1208,22,0.607438959297239,0.6,0.999427855014801,0.9635170761172468,0.9005319621762126,2,6.278457069396973,31.392285346984863
no-mushroom,mushroom,19,5000,218,4.36,41,0.8200000000000001,0,25,1208,30,0.5685371150664006,0.92,0.9998528361320496,0.966981182722205,0.897990121311782,3,6.163249969482422,30.81624984741211
no-mushroom,mushroom,20,5000,242,4.84,47,0.9400000000000001,0,31,1208,18,0.6012888250803603,0.9545454545454546,0.9998590648174286,0.9656249617849755,0.8935161042755,2,6.225451850891114,31.127259254455566
no-mushroom,mushroom,22,5000,229,4.58,31,0.62,0,18,1208,22,0.5793778258806835,0.8285714285714286,0.9992533922195435,0.9666805401188665,0.9057600359676099,2,6.193939208984375,30.969696044921875
no-mushroom,mushroom,21,5000,240,4.8,36,0.72,0,17,1208,17,0.5493010253804992,0.6875,0.9990839958190918,0.9619759114388735,0.897616637172718,3,6.3872294425964355,31.936147212982178
no-mushroom,mushroom,23,5000,216,4.32,46,0.9199999999999999,0,27,1208,24,0.6186277964331459,0.0,0.9992629587650299,0.9652342259938116,0.8967226531199863,3,6.165401792526245,30.827008962631226
no-mushroom,mushroom,24,5000,241,4.82,44,0.88,0,15,1208,22,0.5710108899081066,0.8571428571428571,0.9995481073856354,0.9631019979352877,0.8753625373154917,2,6.323204565048218,31.61602282524109
no-mushroom,mushroom,25,5000,248,4.96,37,0.74,0,22,1208,21,0.5794228749623721,0.7647058823529411,0.9995749890804291,0.9626202776177363,0.8976241806563533,1,6.262725973129273,31.313629865646362
no-mushroom,mushroom,27,5000,190,3.8,33,0.66,0,17,1208,23,0.5747947748897836,0.0,0.999689370393753,0.9639211974859917,0.8815044606408624,3,5.9364851951599125,29.68242597579956
no-mushroom,mushroom,26,5000,253,5.06,36,0.72,0,37,1208,22,0.5979532601712829,0.8333333333333334,0.9998295605182648,0.9657149000478379,0.8954534240089739,2,6.373602342605591,31.868011713027954
no-mushroom,mushroom,29,5000,233,4.66,33,0.66,0,10,1208,19,0.5616280743986787,0.7837837837837838,0.9978586137294769,0.9645844892499115,0.9013535512999825,1,6.259577226638794,31.29788613319397
no-mushroom,mushroom,28,5000,261,5.220000000000001,41,0.8200000000000001,0,14,1208,25,0.5515633292240818,0.7619047619047619,0.9996868073940277,0.9703165789213601,0.9023298797672099,1,6.28372278213501,31.41861391067505
no-mushroom,mushroom,30,5000,240,4.8,33,0.66,0,33,1208,20,0.5884689677343526,0.7857142857142857,0.9998458027839661,0.9680684666767304,0.8839707821520131,3,6.303150844573975,31.515754222869873
no-central-complex,central_complex,1,5000,231,4.62,35,0.7000000000000001,0,13,1208,27,0.5657873304288346,0.7741935483870968,0.9998796284198761,0.9693997648898574,0.9019865460822175,3,6.237759590148926,31.18879795074463
no-central-complex,central_complex,2,5000,229,4.58,34,0.6799999999999999,0,29,1208,19,0.6090804967475139,1.0,0.9996557831764221,0.9658683691133961,0.898020413214147,2,6.177608346939087,30.888041734695435
no-central-complex,central_complex,3,5000,228,4.5600000000000005,40,0.8,0,19,1208,17,0.5672813453331541,0.6666666666666666,0.999367743730545,0.971394123047766,0.8783431043054603,2,6.092518424987793,30.462592124938965
no-central-complex,central_complex,4,5000,211,4.22,35,0.7000000000000001,0,12,1208,20,0.5638086905438942,0.8571428571428571,0.9996986389160156,0.9784030583572287,0.8987456438592849,3,6.09637770652771,30.48188853263855
no-central-complex,central_complex,5,5000,248,4.96,41,0.8200000000000001,0,29,1208,24,0.5705644506972192,0.925,0.9999417662620544,0.9670118205773922,0.8948728338106954,3,6.375556564331054,31.877782821655273
no-central-complex,central_complex,6,5000,250,5.0,33,0.66,0,3,1208,17,0.5371308989464982,0.8,0.999845415353775,0.9779262504256118,0.8949235001940844,3,6.207126140594482,31.035630702972412
no-central-complex,central_complex,7,5000,258,5.16,20,0.4,0,38,1208,22,0.5823662397452194,0.65,0.999535322189331,0.9641536461042941,0.8800473636034458,3,6.278663635253906,31.39331817626953
no-central-complex,central_complex,8,5000,220,4.3999999999999995,55,1.0999999999999999,0,15,1208,21,0.5389760173687435,0.8148148148148148,0.9996904134750366,0.9664759791917513,0.9065377304665753,3,6.132994079589844,30.66497039794922
no-central-complex,central_complex,9,5000,248,4.96,39,0.7799999999999999,0,20,1208,18,0.5796784478390142,0.6470588235294118,0.9988192319869995,0.9643294087826433,0.9075437646950518,3,6.238040161132813,31.190200805664062
no-central-complex,central_complex,11,5000,230,4.6,32,0.64,0,24,1208,17,0.5594877749872609,0.56,0.9995512962341309,0.9614994701762556,0.9052100889613985,3,6.161855983734131,30.809279918670654
no-central-complex,central_complex,10,5000,251,5.0200000000000005,39,0.7799999999999999,0,7,1208,19,0.5876328843625687,0.9230769230769231,0.9997552931308746,0.97034046873315,0.879997813749898,3,6.27319073677063,31.36595368385315
no-central-complex,central_complex,12,5000,271,5.42,49,0.98,0,8,1208,18,0.562419232214665,0.9117647058823529,0.9998429119586945,0.9667885441376862,0.8867588659906007,3,6.488796663284302,32.44398331642151
no-central-complex,central_complex,13,5000,231,4.62,54,1.08,0,13,1208,23,0.5940551800852769,0.625,0.9997733235359192,0.9654079435633187,0.9028552251701674,3,6.154030418395996,30.77015209197998
no-central-complex,central_complex,14,5000,217,4.34,27,0.54,0,31,1208,18,0.5773081799192403,0.9090909090909091,0.999758392572403,0.9671528531750977,0.8949515169379381,3,6.1474761962890625,30.737380981445312
no-central-complex,central_complex,15,5000,259,5.18,29,0.58,0,11,1208,24,0.5896704362588048,0.25,0.9998244345188141,0.9670727125126433,0.8985058762780813,3,6.356004762649536,31.78002381324768
no-central-complex,central_complex,16,5000,250,5.0,38,0.76,0,11,1208,19,0.5897122887062907,1.0,0.9997159838676453,0.9722757499573496,0.8858341856747609,3,6.333967447280884,31.66983723640442
no-central-complex,central_complex,17,5000,234,4.68,37,0.74,0,15,1208,10,0.6073677418412778,0.813953488372093,0.9997262954711914,0.9711067039343257,0.8937668291095564,3,6.166881418228149,30.834407091140747
no-central-complex,central_complex,18,5000,250,5.0,38,0.76,0,13,1208,23,0.5891703435209961,0.8636363636363636,0.9994679093360901,0.9663083434223052,0.900379294668541,2,6.284121084213257,31.420605421066284
no-central-complex,central_complex,19,5000,234,4.68,47,0.9400000000000001,0,29,1208,23,0.5528739758123795,0.9642857142857143,0.9998763203620911,0.9633089748094575,0.8973113226111125,3,6.204740333557129,31.023701667785645
no-central-complex,central_complex,20,5000,264,5.28,41,0.8200000000000001,0,51,1208,21,0.5703520825341635,0.967741935483871,0.9996251463890076,0.9676799069177004,0.8794807455921049,3,6.34552493095398,31.727624654769897
no-central-complex,central_complex,21,5000,223,4.46,40,0.8,0,63,1208,22,0.5523633819767657,0.7297297297297297,0.9989574253559113,0.9627491009214295,0.8957914216011257,3,6.210202980041504,31.05101490020752
no-central-complex,central_complex,22,5000,251,5.0200000000000005,31,0.62,0,37,1208,13,0.5993889232850184,0.7714285714285715,0.997480720281601,0.9620584416254672,0.8952663135575777,1,6.272085905075073,31.360429525375366
no-central-complex,central_complex,23,5000,233,4.66,36,0.72,0,8,1208,11,0.625311407515108,0.8787878787878788,0.9994461238384247,0.9680849302356322,0.8916909495432825,3,6.187012481689453,30.935062408447266
no-central-complex,central_complex,24,5000,236,4.72,39,0.7799999999999999,0,30,1208,24,0.6119022915604577,0.75,0.9986183047294617,0.9662539724150903,0.8811841661103732,2,6.248940372467041,31.244701862335205
no-central-complex,central_complex,26,5000,212,4.24,37,0.74,0,19,1208,22,0.5710575673145809,0.7727272727272727,0.9996181726455688,0.9696668125567762,0.8994851424709193,2,6.027235269546509,30.136176347732544
no-central-complex,central_complex,25,5000,234,4.68,35,0.7000000000000001,0,11,1208,15,0.5793950270961765,0.78125,0.9999277889728546,0.9662093624951107,0.8959124845060937,3,6.204973411560059,31.024867057800293
no-central-complex,central_complex,27,5000,219,4.38,32,0.64,0,29,1208,18,0.4946721869708932,0.8125,0.9997680485248566,0.9667618134890728,0.8987481023748094,3,6.1478588581085205,30.739294290542603
no-central-complex,central_complex,28,5000,238,4.760000000000001,36,0.72,0,53,1208,21,0.6044007281195962,0.9714285714285714,0.9998063147068024,0.9667773434714624,0.8844073659790391,3,6.329583549499512,31.64791774749756
no-central-complex,central_complex,29,5000,255,5.1,23,0.45999999999999996,0,24,1208,19,0.5382404606568066,0.8888888888888888,0.9978334605693817,0.9639740477460765,0.8965340661684441,2,6.346592235565185,31.732961177825928
no-central-complex,central_complex,30,5000,281,5.62,34,0.6799999999999999,0,28,1208,20,0.5753263529491993,0.875,0.999859094619751,0.9657802079642017,0.8972140160549699,3,6.617870283126831,33.089351415634155
no-lateral-horn,lateral_horn,1,5000,241,4.82,28,0.5599999999999999,0,8,1208,17,0.5850685251791017,0.90625,0.9999746978282928,0.9704786051844037,0.8962020857582327,3,6.260176753997802,31.300883769989014
no-lateral-horn,lateral_horn,2,5000,221,4.42,42,0.84,0,16,1208,22,0.5563622363523661,0.9629629629629629,0.9993906915187836,0.9658807374520498,0.8686032734768918,2,6.073654556274414,30.36827278137207
no-lateral-horn,lateral_horn,3,5000,244,4.88,46,0.9199999999999999,0,14,1208,24,0.5805565580584813,0.7142857142857143,0.9988625645637512,0.9655568432757355,0.8841821951018024,1,6.1863524436950685,30.931762218475342
no-lateral-horn,lateral_horn,4,5000,214,4.279999999999999,53,1.06,0,16,1208,22,0.5753110914796684,0.5714285714285714,0.999295562505722,0.9687556033166459,0.8895641276005084,2,6.10381178855896,30.5190589427948
no-lateral-horn,lateral_horn,5,5000,222,4.44,48,0.96,0,57,1208,21,0.5590838285605757,0.9166666666666666,0.9999591112136841,0.9699886090612752,0.8856606433443829,3,6.2592144966125485,31.296072483062744
no-lateral-horn,lateral_horn,6,5000,259,5.18,42,0.84,0,46,1208,18,0.572899644728535,0.75,0.9994027614593506,0.9706294373258141,0.9017261553495615,2,6.3410803318023685,31.70540165901184
no-lateral-horn,lateral_horn,7,5000,213,4.26,40,0.8,0,40,1208,20,0.5657600541650719,0.7894736842105263,0.9994407594203949,0.9651040069644032,0.8889045206375819,3,6.1450958251953125,30.725479125976562
no-lateral-horn,lateral_horn,8,5000,236,4.72,54,1.08,0,41,1208,19,0.5462471343912126,0.8461538461538461,0.9985089898109436,0.9665380482942041,0.8877069458118523,2,6.1466187000274655,30.73309350013733
no-lateral-horn,lateral_horn,9,5000,244,4.88,54,1.08,0,27,1208,21,0.6297569883200113,0.9444444444444444,0.9992126226425171,0.965700917323894,0.8990631277675935,3,6.202970266342163,31.014851331710815
no-lateral-horn,lateral_horn,10,5000,260,5.2,34,0.6799999999999999,0,22,1208,22,0.6064928355582981,0.8214285714285714,0.9999837875366211,0.9664517558717883,0.9147077452829196,2,6.3403462886810305,31.70173144340515
no-lateral-horn,lateral_horn,11,5000,244,4.88,38,0.76,0,52,1208,13,0.5328970580021061,0.0,0.9995046257972717,0.9536393011140953,0.8878641780270811,3,6.2941321849823,31.4706609249115
no-lateral-horn,lateral_horn,12,5000,234,4.68,50,1.0,0,11,1208,21,0.5513447953705861,0.6666666666666666,0.9995769262313843,0.9651303956165275,0.8827833523865185,3,6.293104124069214,31.46552062034607
no-lateral-horn,lateral_horn,13,5000,242,4.84,39,0.7799999999999999,0,11,1208,24,0.612425102929651,0.7272727272727273,0.9996298849582672,0.9710997718070975,0.8935167377924217,3,6.113033103942871,30.565165519714355
no-lateral-horn,lateral_horn,14,5000,230,4.6,46,0.9199999999999999,0,34,1208,20,0.5494771734143371,0.8695652173913043,0.9995376169681549,0.9668035210613593,0.8951014794298517,3,6.175217771530152,30.876088857650757
no-lateral-horn,lateral_horn,16,5000,222,4.44,42,0.84,0,16,1208,24,0.5643629321235648,0.92,0.9996128678321838,0.9717176735265659,0.9074982726331653,3,6.129241895675659,30.646209478378296
no-lateral-horn,lateral_horn,15,5000,273,5.46,36,0.72,0,4,1208,22,0.5896733088915063,0.9591836734693877,0.9978498220443726,0.9660372047938377,0.9082804891338869,1,6.304841470718384,31.52420735359192
no-lateral-horn,lateral_horn,17,5000,246,4.92,39,0.7799999999999999,0,24,1208,30,0.5924317094281163,0.5263157894736842,0.9997328519821167,0.9636936383914306,0.9078332532687136,3,6.199994087219238,30.99997043609619
no-lateral-horn,lateral_horn,18,5000,210,4.2,33,0.66,0,14,1208,31,0.6146424414618346,0.8333333333333334,0.9998513758182526,0.9629832378545204,0.8972672251324729,2,6.032392406463623,30.161962032318115
no-lateral-horn,lateral_horn,19,5000,239,4.78,48,0.96,0,32,1208,23,0.5641650977014132,0.8333333333333334,0.9998365640640259,0.9691547789492367,0.8887309952976425,3,6.259757137298584,31.29878568649292
no-lateral-horn,lateral_horn,20,5000,260,5.2,53,1.06,0,27,1208,17,0.650416451614082,0.9487179487179487,0.9998321235179901,0.963113112265681,0.8953662677580795,3,6.340456199645996,31.70228099822998
no-lateral-horn,lateral_horn,21,5000,223,4.46,31,0.62,0,9,1208,10,0.5367125516532911,0.7407407407407407,0.999116063117981,0.9663652409211391,0.8907234838720038,3,6.1673496723175045,30.836748361587524
no-lateral-horn,lateral_horn,22,5000,234,4.68,29,0.58,0,46,1208,19,0.5897230549810208,0.6666666666666666,0.9990406334400177,0.9651070656780664,0.8962796430263343,2,6.164876985549927,30.824384927749634
no-lateral-horn,lateral_horn,23,5000,237,4.74,41,0.8200000000000001,0,36,1208,25,0.586752936978852,0.625,0.9999330043792725,0.9637363727903397,0.9024577203786605,3,6.265044355392456,31.32522177696228
no-lateral-horn,lateral_horn,24,5000,226,4.52,41,0.8200000000000001,0,23,1208,33,0.5598394249674433,0.9047619047619048,0.9998827576637268,0.9630301068062613,0.8615831013318574,3,6.245822334289551,31.229111671447754
no-lateral-horn,lateral_horn,25,5000,233,4.66,45,0.8999999999999999,0,7,1208,11,0.5809244838746869,0.8571428571428571,0.9998483955860138,0.9614237392272513,0.8920231533533409,2,6.134350872039795,30.671754360198975
no-lateral-horn,lateral_horn,26,5000,256,5.12,33,0.66,0,70,1208,23,0.5644562442993573,0.64,0.9995442628860474,0.964541018932225,0.9000234859686096,3,6.15969705581665,30.798485279083252
no-lateral-horn,lateral_horn,27,5000,201,4.02,38,0.76,0,15,1208,22,0.5362511864174592,0.7906976744186046,0.9998775124549866,0.9654821106762732,0.8958291448390963,3,5.991141700744629,29.955708503723145
no-lateral-horn,lateral_horn,28,5000,270,5.4,38,0.76,0,19,1208,26,0.5740041155744116,0.0,0.9992896914482117,0.9630013870537324,0.8884326518413032,3,6.400843095779419,32.004215478897095
no-lateral-horn,lateral_horn,29,5000,249,4.9799999999999995,42,0.84,0,41,1208,20,0.5757274520741131,0.9047619047619048,0.9998637735843658,0.9628482800837077,0.8929078867584004,3,6.2646918296813965,31.323459148406982
no-lateral-horn,lateral_horn,30,5000,216,4.32,45,0.8999999999999999,0,52,1208,21,0.5739073133251017,0.9090909090909091,0.9976083934307098,0.9656479004816225,0.89451156173867,2,6.186013126373291,30.930065631866455
no-vision,vision,1,5000,220,4.3999999999999995,38,0.76,0,44,1208,20,0.578889143031307,0.7096774193548387,0.999640941619873,0.9636676257823962,0.8885194214359825,3,6.05023307800293,30.25116539001465
no-vision,vision,2,5000,218,4.36,38,0.76,0,12,1208,19,0.5788300573648301,0.9375,0.9995299279689789,0.9632547079656397,0.899666155082557,2,6.097392511367798,30.48696255683899
no-vision,vision,3,5000,231,4.62,50,1.0,0,21,1208,20,0.5803876460178875,0.8333333333333334,0.9999711513519287,0.9691510806802407,0.8785379455623333,3,6.147220706939697,30.736103534698486
no-vision,vision,4,5000,210,4.2,47,0.9400000000000001,0,16,1208,20,0.5770925018578399,0.88,0.9997858107089996,0.9641790632054267,0.8962914509249189,3,6.210404777526856,31.052023887634277
no-vision,vision,5,5000,242,4.84,41,0.8200000000000001,0,53,1208,26,0.5527685625237402,0.8529411764705882,0.9998534321784973,0.9649040535586983,0.9043700439916772,3,6.375045490264893,31.875227451324463
no-vision,vision,6,5000,250,5.0,35,0.7000000000000001,0,14,1208,20,0.5483836180322565,0.8947368421052632,0.9986494481563568,0.965970903591783,0.8991975207403127,1,6.314938592910766,31.574692964553833
no-vision,vision,8,5000,212,4.24,39,0.7799999999999999,0,16,1208,15,0.542167417953779,0.8076923076923077,0.9999423623085022,0.9711106560646516,0.8877615310212399,2,5.997569799423218,29.98784899711609
no-vision,vision,7,5000,220,4.3999999999999995,25,0.5,0,17,1208,23,0.5361633343245651,0.8333333333333334,0.9996239840984344,0.9661236736523456,0.8931394021089535,3,6.201136779785156,31.00568389892578
no-vision,vision,9,5000,249,4.9799999999999995,35,0.7000000000000001,0,24,1208,29,0.6436297170211706,0.9090909090909091,0.9991336464881897,0.964208137720884,0.8968924078325036,2,6.267645835876465,31.338229179382324
no-vision,vision,10,5000,248,4.96,67,1.34,0,18,1208,22,0.5935702573640474,0.7692307692307693,0.9992488026618958,0.9661042922755092,0.9000654905589078,2,6.313829040527343,31.56914520263672
no-vision,vision,11,5000,242,4.84,33,0.66,0,28,1208,17,0.548128049816753,0.75,0.9993948638439178,0.9676539647541895,0.8929717512445388,3,6.29626612663269,31.481330633163452
no-vision,vision,12,5000,231,4.62,22,0.44,0,39,1208,20,0.5789648634613112,1.0,0.9982093870639801,0.9615250388490553,0.8734864881348747,3,6.289269351959229,31.446346759796143
no-vision,vision,13,5000,235,4.7,44,0.88,0,8,1208,18,0.5985590932023462,0.7307692307692307,0.9998668730258942,0.9712713487349861,0.903320966429272,3,6.07208023071289,30.360401153564453
no-vision,vision,14,5000,210,4.2,29,0.58,0,26,1208,17,0.5755970545002084,1.0,0.9993214309215546,0.9671112455381401,0.8956742120347433,3,6.072866439819336,30.36433219909668
no-vision,vision,15,5000,226,4.52,24,0.48,0,6,1208,20,0.5741373185633322,1.0,0.9996106028556824,0.9745567443461036,0.8855952052314381,3,6.174433755874634,30.87216877937317
no-vision,vision,16,5000,274,5.48,49,0.98,0,33,1208,27,0.569644393454143,0.8333333333333334,0.9991018772125244,0.9658853740128515,0.9152976448161918,2,6.462387657165527,32.31193828582764
no-vision,vision,17,5000,222,4.44,46,0.9199999999999999,0,49,1208,18,0.5979009528224702,0.8095238095238095,0.9997606873512268,0.9624663210104909,0.9000126010762227,3,6.12323522567749,30.61617612838745
no-vision,vision,18,5000,214,4.279999999999999,46,0.9199999999999999,0,4,1208,16,0.6072910697513585,0.8571428571428571,0.9996983110904694,0.9647988463313834,0.8991738822918136,2,6.141752147674561,30.708760738372803
no-vision,vision,19,5000,250,5.0,47,0.9400000000000001,0,32,1208,22,0.5488013053326729,0.9285714285714286,0.999384194612503,0.9627085623863539,0.8905105508476614,3,6.252102899551391,31.260514497756958
no-vision,vision,20,5000,240,4.8,52,1.04,0,56,1208,14,0.5973730837197673,0.8947368421052632,0.9997677803039551,0.9755699178099786,0.9047120796833754,3,6.308931732177735,31.544658660888672
no-vision,vision,21,5000,209,4.18,43,0.86,0,16,1208,24,0.567004257414956,0.8888888888888888,0.9992397427558899,0.9651181226336383,0.9105561009937324,3,6.062664794921875,30.313323974609375
no-vision,vision,22,5000,225,4.5,35,0.7000000000000001,0,17,1208,20,0.5667215645111403,0.8421052631578947,0.9992935955524445,0.965518974398998,0.890138750246208,2,6.088920736312867,30.44460368156433
no-vision,vision,23,5000,244,4.88,31,0.62,0,8,1208,24,0.5608467046982861,0.75,0.9995247721672058,0.9631931989856277,0.9071358216459474,3,6.255011177062988,31.27505588531494
no-vision,vision,24,5000,252,5.04,46,0.9199999999999999,0,16,1208,26,0.5834277387976317,0.8823529411764706,0.9998396933078766,0.9648806095043004,0.8879358920929337,2,6.149327659606934,30.746638298034668
no-vision,vision,25,5000,237,4.74,44,0.88,0,32,1208,18,0.5710262078457893,0.8095238095238095,0.9992209672927856,0.9669789805631434,0.9034317810007815,1,5.990704536437988,29.95352268218994
no-vision,vision,26,5000,235,4.7,32,0.64,0,33,1208,20,0.5340594108513387,0.8125,0.9993041455745697,0.9661045806782529,0.8946495972066029,2,5.971549463272095,29.857747316360474
no-vision,vision,27,5000,253,5.06,37,0.74,0,15,1208,23,0.563337069240575,0.7666666666666667,0.9999457895755768,0.9649896154755728,0.8904807705569247,3,6.1442255020141605,30.7211275100708
no-vision,vision,28,5000,236,4.72,49,0.98,0,18,1208,19,0.5341358024196833,0.8979591836734694,0.9998401999473572,0.9637395145772886,0.866448506478626,3,5.8815351009368895,29.40767550468445
no-vision,vision,29,5000,228,4.5600000000000005,36,0.72,0,15,1208,27,0.5645865374201253,0.8,0.9996744692325592,0.9649546821464396,0.9027513851960891,3,5.758969688415528,28.794848442077637
no-vision,vision,30,5000,221,4.42,48,0.96,0,14,1208,20,0.5797390386524685,1.0,0.9984405040740967,0.9698588860931586,0.9108489013347184,2,5.355663871765136,26.778319358825684
